{
  "namespace": "hud",
  "full_progress_bar": {
    "type": "image",
    "texture": "textures/ui/xp_animate",
    "size": [13, 221],
    "uv_size": [5, 13],
    "uv": "@animate",
    "clip_direction": "left",
    "clip_pixelperfect": false,
    "bindings": [
      {
        "binding_name": "#exp_progress",
        "binding_name_override": "#clip_ratio",
        "binding_type": "global"
      }
    ]
  },
  "animate": {
    "anim_type": "flip_book",
    "initial_uv": [0, 0],
    "frame_count": 17,
    "frame_step": 13,
    "fps": 16,
    "easing": "linear"
  }
}